{
  "condition": {
    "miniprogram": {
      "list": [
        {
          "name": "pages/me/myOders/myOrders",
          "pathName": "pages/me/myOders/myOrders",
          "query": "",
          "scene": null
        }
      ]
    }
  },
  "projectname": "%E5%A5%B6%E8%8C%B6%E5%B0%8F%E7%A8%8B%E5%BA%8F",
  "setting": {
    "compileHotReLoad": true
  },
  "description": "项目私有配置文件。此文件中的内容将覆盖 project.config.json 中的相同字段。项目的改动优先同步到此文件中。详见文档：https://developers.weixin.qq.com/miniprogram/dev/devtools/projectconfig.html"
}