[{"_id":"66c8effd64cb5efc005c9e733082b10f","content":"<p>快来抽奖吧快来抽奖吧快来抽奖吧快来抽奖吧快来抽奖吧快来抽奖吧快来抽奖吧快来抽奖吧快来抽奖吧快来抽奖吧快来抽奖吧快来抽奖吧快来抽奖吧快来抽奖吧快来抽奖吧快来抽奖吧快来抽奖吧快来抽奖吧快来抽奖吧快来抽奖吧快来抽奖吧快来抽奖吧快来抽奖吧快来抽奖吧快来抽奖吧快来抽奖吧快来抽奖吧</p>","cover":"https://6263-bcbdy-3gj5jsx126e4beb4-1300085904.tcb.qcloud.la/cloudbase-cms/upload/2023-08-03/86saxqkqjp9l1xpkjpeg4b5fjykhs1cm_.png","title":"快来抽奖吧","_createTime":1691049724823,"_updateTime":1691049724823},{"_id":"0ba9383f64cb5f1f0060014656a26665","content":"<p>快来蜜雪冰城吧快来蜜雪冰城吧快来蜜雪冰城吧快来蜜雪冰城吧快来蜜雪冰城吧快来蜜雪冰城吧快来蜜雪冰城吧快来蜜雪冰城吧快来蜜雪冰城吧快来蜜雪冰城吧快来蜜雪冰城吧快来蜜雪冰城吧快来蜜雪冰城吧快来蜜雪冰城吧快来蜜雪冰城吧快来蜜雪冰城吧快来蜜雪冰城吧快来蜜雪冰城吧</p>","cover":"https://6263-bcbdy-3gj5jsx126e4beb4-1300085904.tcb.qcloud.la/cloudbase-cms/upload/2023-08-03/1lrpexts3m0ievgazs9yddmyru2cypkd_.jpg","title":"快来蜜雪冰城吧","_createTime":1691049759771,"_updateTime":1691049759771},{"_id":"28de1d2c64cb5f7300648d573d69a41e","content":"<p style=\"text-align:start;text-indent:2em;\">原因是斗鱼中的某主播与同事去星巴克时就点了自己的一档咖啡，也不知道是故意的还是为了低调惯了，最后还强行解释了一波，最后被网友恶搞成了如今的段子，出处是王俊凯的一首歌，说实话真没听过。</p><p style=\"text-align:start;text-indent:2em;\">主要事件：</p><p style=\"text-align:start;text-indent:2em;\">斗鱼tv房间号6324一名为大师兄的主播和该直播间的其他三名主播去星巴克时他只买了自己的一杯咖啡，被评论为：不会做人。这句话是嗨粉评论他的。</p>","cover":"https://6263-bcbdy-3gj5jsx126e4beb4-1300085904.tcb.qcloud.la/cloudbase-cms/upload/2023-08-03/88k5x30ctdd8b0l2iyae8b3qxs9ixckr_.jpg","title":"一人我星巴克","_createTime":1691049843595,"_updateTime":1691049905847}]