[{"fields":[{"displayName":"封面图","id":"4aiuxdu6466fd8bnllpexths75ytkaqa","name":"cover","order":0,"resourceLinkType":"https","type":"Image"},{"displayName":"标题","id":"jbgi6jbaxywau43vfb8yqag9bthb2llc","name":"title","order":1,"type":"String"},{"displayName":"详情","id":"f79mnk8w8xb6z1j5ah27lxij7kur3iz9","name":"content","order":2,"type":"RichText"},{"copyable":true,"description":"CMS 系统字段，请勿随意修改","displayName":"文档 ID","id":"_id","isHidden":true,"isSystem":true,"name":"_id","type":"String"},{"dateFormatType":"timestamp-ms","description":"CMS 系统字段，请勿随意修改。通过 CMS 系统录入的数据会默认添加该字段","displayName":"创建时间","id":"_createTime","isSystem":true,"name":"_createTime","type":"DateTime"},{"dateFormatType":"timestamp-ms","description":"CMS 系统字段，请勿随意修改。通过 CMS 系统录入的数据会默认添加该字段","displayName":"修改时间","id":"_updateTime","isSystem":true,"name":"_updateTime","type":"DateTime"}],"collectionName":"naicha_banners","displayName":"轮播图管理","_id":"bf4a1234124512412418022f9f61efc51b"},{"fields":[{"displayName":"奶茶ID","id":"v02bsjyqe18ct05rryxwho9p5qt8o8yp","name":"goodId","order":0,"type":"String"},{"displayName":"评价内容","id":"4j1e7h38c54qwoc3b5979xjn7dfd99us","name":"text","order":1,"type":"String"},{"displayName":"头像","id":"h51w3kggpeqofnbqazbxvpgnrqmmiepf","name":"avatarUrl","order":2,"resourceLinkType":"fileId","type":"Image"},{"displayName":"昵称","id":"b36za5u39ojgxqzl5nqfyok7gspbbqw1","name":"nickName","order":3,"type":"String"},{"displayName":"时间","id":"s4nb5n0h4eqjid8dn8ymlcrpbwbyqdge","name":"time","order":4,"type":"String"},{"displayName":"奶茶名称","id":"n099pl9xtrhpsru2viq4d9nwaldj7idh","name":"goodName","order":5,"type":"String"},{"copyable":true,"description":"CMS 系统字段，请勿随意修改","displayName":"文档 ID","id":"_id","isHidden":true,"isSystem":true,"name":"_id","type":"String"},{"dateFormatType":"timestamp-ms","description":"CMS 系统字段，请勿随意修改。通过 CMS 系统录入的数据会默认添加该字段","displayName":"创建时间","id":"_createTime","isSystem":true,"name":"_createTime","type":"DateTime"},{"dateFormatType":"timestamp-ms","description":"CMS 系统字段，请勿随意修改。通过 CMS 系统录入的数据会默认添加该字段","displayName":"修改时间","id":"_updateTime","isSystem":true,"name":"_updateTime","type":"DateTime"}],"collectionName":"naicha_comments","displayName":"评论管理","_id":"0ab5303b6278b512124124b01da591ab290"},{"fields":[{"displayName":"昵称","id":"1flmy9qvp770aa0xak8ye6m2aqzkrbif","name":"nickName","order":0,"type":"String"},{"displayName":"头像","id":"vus9fzhr989m987q66c6vn0xthl2llvj","name":"avatarUrl","order":1,"resourceLinkType":"fileId","type":"Image"},{"displayName":"电话","id":"z6i3a94h2dfzp78twlqdegtd2r7j2p5w","name":"phone","order":2,"type":"String"},{"displayName":"地址","id":"qn2qn1zxb98h57ovw9t5pth5slbdb6b7","name":"address","order":3,"type":"String"},{"displayName":"地址信息","id":"5ppkqi98h0r91bnesvoxll4xneja2qmp","name":"addressInfo","order":4,"type":"String"},{"displayName":"姓名","id":"0gjhz4va2bre5sq82w3lw57osr2hbpac","name":"name","order":5,"type":"String"},{"copyable":true,"description":"CMS 系统字段，请勿随意修改","displayName":"文档 ID","id":"_id","isHidden":true,"isSystem":true,"name":"_id","type":"String"},{"dateFormatType":"timestamp-ms","description":"CMS 系统字段，请勿随意修改。通过 CMS 系统录入的数据会默认添加该字段","displayName":"创建时间","id":"_createTime","isSystem":true,"name":"_createTime","type":"DateTime"},{"dateFormatType":"timestamp-ms","description":"CMS 系统字段，请勿随意修改。通过 CMS 系统录入的数据会默认添加该字段","displayName":"修改时间","id":"_updateTime","isSystem":true,"name":"_updateTime","type":"DateTime"}],"collectionName":"naicha_users","displayName":"用户管理","_id":"1fee1e9762512412412412455124d39"},{"fields":[{"connectField":"_id","connectResource":"743f407963515215124329f22d9abf9","displayName":"优惠券Id","id":"aga1yzzkmtuwddbu6h5qmpghzhrdwxys","name":"couponId","order":0,"type":"Connect"},{"displayName":"优惠券信息","id":"56jvzw53rs3f194zbefuuyox1okhnbut","name":"coupon","order":1,"type":"Object"},{"copyable":true,"description":"CMS 系统字段，请勿随意修改","displayName":"文档 ID","id":"_id","isHidden":true,"isSystem":true,"name":"_id","type":"String"},{"dateFormatType":"timestamp-ms","description":"CMS 系统字段，请勿随意修改。通过 CMS 系统录入的数据会默认添加该字段","displayName":"创建时间","id":"_createTime","isSystem":true,"name":"_createTime","type":"DateTime"},{"dateFormatType":"timestamp-ms","description":"CMS 系统字段，请勿随意修改。通过 CMS 系统录入的数据会默认添加该字段","displayName":"修改时间","id":"_updateTime","isSystem":true,"name":"_updateTime","type":"DateTime"},{"displayName":"状态","enumElementType":"string","enumElements":[{"label":"0","value":"未使用"},{"label":"1","value":"已使用"}],"id":"3c0a8hhhqaechiwg3h7vup5ofzq0cqn5","name":"status","order":5,"type":"Enum"},{"displayName":"时间","id":"vt64l7b6n8d30fm6ag0b3yttatp9g10n","name":"time","order":6,"type":"String"}],"collectionName":"naicha_couponRecord","displayName":"优惠券记录管理","_id":"d029512263512412452150042be9a0d7c8fcf"},{"fields":[{"dateFormatType":"timestamp-ms","description":"CMS 系统字段，请勿随意修改。通过 CMS 系统录入的数据会默认添加该字段","displayName":"创建时间","id":"_createTime","isSystem":true,"name":"_createTime","type":"DateTime"},{"dateFormatType":"timestamp-ms","description":"CMS 系统字段，请勿随意修改。通过 CMS 系统录入的数据会默认添加该字段","displayName":"修改时间","id":"_updateTime","isSystem":true,"name":"_updateTime","type":"DateTime"},{"displayName":"奶茶图片","id":"ng39wmgzxmk9368m3k0ncchsvdhgmols","name":"cover","order":2,"resourceLinkType":"fileId","type":"Image"},{"copyable":true,"description":"CMS 系统字段，请勿随意修改","displayName":"文档 ID","id":"_id","isHidden":true,"isSystem":true,"name":"_id","type":"String"},{"displayName":"奶茶名称","id":"366j496hmhe6asp7ts0bfmhsbm144nui","name":"title","order":4,"type":"String"},{"displayName":"价格","id":"l390b9q58oe87yl1gfqzvvq655dgtknd","name":"price","order":5,"type":"Number"},{"displayName":"奶茶ID","id":"apcjs45p82tomfprx3b53qg8olbmzmqd","name":"goodId","order":6,"type":"String"}],"collectionName":"naicha_collects","displayName":"收藏管理","_id":"058dfefe627b7c52151241241232fb"},{"fields":[{"displayName":"满","id":"w8bt0uf1ifq4r6fcet93f6zek9barye2","name":"minMoney","order":0,"type":"Number"},{"displayName":"减","id":"rh07zgrbujf48wvf8qufb99km6ama1ue","name":"reduceMoney","order":1,"type":"Number"},{"displayName":"中奖比率","id":"pzbqbkhl1gp2ptvx9pzms8k5225ww2eu","name":"percent","order":2,"type":"Number"},{"dateFormatType":"string","displayName":"过期时间","id":"unb6fd2zt8onjv4s1j45z8ioxm6zwbre","name":"expirationTime","order":3,"type":"DateTime"},{"copyable":true,"description":"CMS 系统字段，请勿随意修改","displayName":"文档 ID","id":"_id","isHidden":true,"isSystem":true,"name":"_id","type":"String"},{"dateFormatType":"timestamp-ms","description":"CMS 系统字段，请勿随意修改。通过 CMS 系统录入的数据会默认添加该字段","displayName":"创建时间","id":"_createTime","isSystem":true,"name":"_createTime","type":"DateTime"},{"dateFormatType":"timestamp-ms","description":"CMS 系统字段，请勿随意修改。通过 CMS 系统录入的数据会默认添加该字段","displayName":"修改时间","id":"_updateTime","isSystem":true,"name":"_updateTime","type":"DateTime"}],"collectionName":"naicha_coupon","displayName":"优惠券管理","_id":"743f407963515215124329f22d9abf9"},{"fields":[{"connectField":"name","connectMany":false,"connectResource":"959a5fd064cbb7850061983664486f01","displayName":"分类","id":"wecjohell6injitzm14vrpamruzruwze","name":"type","order":0,"type":"Connect"},{"displayName":"标题","id":"gpkguukunnbrur2dh96lodtim24kqpvm","name":"title","order":1,"type":"String"},{"displayName":"原料数组","id":"st6nq724hzabr7gqjsrvt5bggt9xbth1","name":"ylList","order":2,"type":"Array"},{"displayName":"封面图","id":"ljs2xrqkhdb2uge5gtbgkuxamaj5nz42","name":"cover","order":3,"resourceLinkType":"fileId","type":"Image"},{"displayName":"详情图片","id":"n8a4krj6cx790s023bu7e4i8qsgkim1u","isMultiple":true,"name":"images","order":4,"resourceLinkType":"https","type":"Image"},{"displayName":"奶茶描述","id":"szjqzhgvpud34mjrt9ifivs718pu6pkm","name":"text","order":5,"type":"MultiLineString"},{"displayName":"可选种类（温度）","id":"o6bmclaankntz5j0d50ucrs87f0ioyog","name":"ttList","order":6,"type":"Array"},{"displayName":"可选种类（甜度）","id":"v8i1g8z3zkkjobtajan4uglvxy4bazv8","name":"tt2List","order":7,"type":"Array"},{"defaultValue":0,"displayName":"销量","id":"w0hhexou73vw9in587t5pbo78vufsh3s","name":"saleNumber","order":8,"type":"Number"},{"displayName":"价格","id":"dsuw9pvre4tg46ltnqq7emclg4whvtvt","name":"price","order":9,"type":"Number"},{"displayName":"库存","id":"z1jgw1j1v55crfcrs584lilzy86tzeho","name":"stockNumber","order":10,"type":"Number"},{"defaultValue":true,"displayName":"猜你喜欢:","id":"y103ng67uzutcvl9352ttjb79xa1r8ad","name":"show1","order":11,"type":"Boolean"},{"defaultValue":true,"displayName":"疯狂抢购","id":"udlven0buh3z5nbxige5pbb794tc3o29","name":"show2","order":12,"type":"Boolean"},{"defaultValue":true,"displayName":"奶茶状态","id":"mac2q0peftl620b3jkcsaayoodkhcfnh","name":"status","order":13,"type":"Boolean"},{"copyable":true,"description":"CMS 系统字段，请勿随意修改","displayName":"文档 ID","id":"_id","isHidden":true,"isSystem":true,"name":"_id","type":"String"},{"dateFormatType":"timestamp-ms","description":"CMS 系统字段，请勿随意修改。通过 CMS 系统录入的数据会默认添加该字段","displayName":"创建时间","id":"_createTime","isSystem":true,"name":"_createTime","type":"DateTime"},{"dateFormatType":"timestamp-ms","description":"CMS 系统字段，请勿随意修改。通过 CMS 系统录入的数据会默认添加该字段","displayName":"修改时间","id":"_updateTime","isSystem":true,"name":"_updateTime","type":"DateTime"}],"collectionName":"naicha_goods","displayName":"奶茶管理","_id":"54ad1eea61e954512412412473a64c6c399"},{"fields":[{"displayName":"订单ID","id":"i0y5a0n2vqbssmgnn3clxleipfot3um5","name":"_id","order":1,"type":"String"},{"displayName":"用户Openid","id":"eytfutoh3x4ne7fwgj2q7yjkkiggvhqh","name":"_openid","order":2,"type":"String"},{"displayName":"订单明细","id":"b1ve6netgkmpyuwnwbj2zhl1ll2z4f6x","name":"goods","order":3,"type":"Object"},{"displayName":"订单金额","id":"89g88dstxw9stkoqy1mafalkkx1cnqxb","name":"totalMoney","order":4,"type":"Number"},{"displayName":"订单状态","enumElementType":"number","enumElements":[{"label":"待出餐","value":0},{"label":"待确认","value":1},{"label":"待评价","value":2},{"label":"已评价","value":3},{"label":"待支付","value":-1},{"label":"已取消","value":-2}],"id":"robtg115eqmmoaw9b0zzz7a7ymhudn9d","name":"status","order":5,"type":"Enum"},{"displayName":"取餐码","id":"41iy9vqdajlzfo7mvqbkeae5dv1c30m9","name":"code","order":6,"type":"String"},{"displayName":"备注","id":"y13el1uhi1of9fcpq2bwckrton9d30it","name":"note","order":7,"type":"MultiLineString"},{"displayName":"时间","id":"253yxrwp6s6y0dclqa4hlfh09wvv0rut","name":"time","order":8,"type":"String"},{"displayName":"姓名","id":"x5nj9w9cptodnm91voybllpf74marcis","name":"name","order":9,"type":"String"},{"displayName":"电话","id":"heetzevn0ugo09ggtufnlaeqfxphxdrm","name":"phone","order":10,"type":"String"},{"displayName":"地址","id":"gr8y0n77nkqr894m5nucu3x8edosm1og","name":"address","order":11,"type":"String"},{"displayName":"地址详情","id":"8bax8nq109wy04b03syqzaauwqic95qw","name":"addressInfo","order":12,"type":"String"},{"displayName":"是否自取","id":"pt7l12ztkswm87cijw95ys4m4sqog4ir","name":"self","order":13,"type":"Boolean"},{"copyable":true,"description":"CMS 系统字段，请勿随意修改","displayName":"文档 ID","id":"_id","isHidden":true,"isSystem":true,"name":"_id","type":"String"},{"dateFormatType":"timestamp-ms","description":"CMS 系统字段，请勿随意修改。通过 CMS 系统录入的数据会默认添加该字段","displayName":"创建时间","id":"_createTime","isSystem":true,"name":"_createTime","type":"DateTime"},{"dateFormatType":"timestamp-ms","description":"CMS 系统字段，请勿随意修改。通过 CMS 系统录入的数据会默认添加该字段","displayName":"修改时间","id":"_updateTime","isSystem":true,"name":"_updateTime","type":"DateTime"}],"collectionName":"naicha_orders","displayName":"订单管理","_id":"54ad1eea61512124124124d5ae45030"},{"fields":[{"dateFormatType":"timestamp-ms","description":"CMS 系统字段，请勿随意修改。通过 CMS 系统录入的数据会默认添加该字段","displayName":"创建时间","id":"_createTime","isSystem":true,"name":"_createTime","type":"DateTime"},{"dateFormatType":"timestamp-ms","description":"CMS 系统字段，请勿随意修改。通过 CMS 系统录入的数据会默认添加该字段","displayName":"修改时间","id":"_updateTime","isSystem":true,"name":"_updateTime","type":"DateTime"},{"displayName":"分类名称","id":"585nhbiglgh0c4jdcgzv2bd9lo55jjc6","name":"name","order":2,"type":"String"},{"copyable":true,"description":"CMS 系统字段，请勿随意修改","displayName":"文档 ID","id":"_id","isHidden":true,"isSystem":true,"name":"_id","type":"String"},{"displayName":"分类图片","id":"r3dknkz0yrfvoqqhzwirqidqqeyik4da","name":"image","order":4,"resourceLinkType":"https","type":"Image"},{"defaultValue":true,"displayName":"首页是否显示","id":"4gmaqm9e94uqv3kbupfc2dl69bnonmdu","name":"isShowOnHome","order":5,"type":"Boolean"}],"collectionName":"naicha_types","displayName":"分类管理","_id":"959a5fd064cbb7850061983664486f01"},{"fields":[{"dateFormatType":"timestamp-ms","description":"CMS 系统字段，请勿随意修改。通过 CMS 系统录入的数据会默认添加该字段","displayName":"创建时间","id":"_createTime","isSystem":true,"name":"_createTime","type":"DateTime"},{"dateFormatType":"timestamp-ms","description":"CMS 系统字段，请勿随意修改。通过 CMS 系统录入的数据会默认添加该字段","displayName":"修改时间","id":"_updateTime","isSystem":true,"name":"_updateTime","type":"DateTime"},{"displayName":"公告","id":"i54r1mzji2qhwn0fpy23asy0zv0uzv61","name":"gonggao","order":2,"type":"String"},{"copyable":true,"description":"CMS 系统字段，请勿随意修改","displayName":"文档 ID","id":"_id","isHidden":true,"isSystem":true,"name":"_id","type":"String"}],"collectionName":"naicha_info","displayName":"基本信息管理","_id":"14a2738964d21ee10013fbee38c3fb6d"}]